case_index,case_type,target,event_name,link_id,contact_ratio,direction,force_N,success,recovery_time_s,saturation_fraction,fail_reason,final_angle_error_rad,final_velocity_norm,max_abs_x_m,max_abs_u_cmd_N,planner_selected_variant,trajectory_file,animation_available,animation_status
1,target_recovery,up_up,link1_ratio0.25_right_1N,1,0.25,right,1,1,1.11022302462516e-16,0.0,PASS,2.00203240688021e-06,2.69777670518643e-05,0.221366627892923,4.55855920406899,local_lqr,,0,metrics_only
2,target_recovery,up_up,link1_ratio0.25_left_1N,1,0.25,left,1,1,1.11022302462516e-16,0.0,PASS,2.17056518297767e-06,2.85341796068912e-05,0.240300333340396,4.59243880237331,local_lqr,,0,metrics_only
3,target_recovery,up_up,link1_ratio0.50_right_1N,1,0.5,right,1,1,0.45,0.0011104941699056,PASS,4.23752181253183e-06,5.71311173414757e-05,0.46855498294838,15.0,local_lqr,,0,metrics_only
4,target_recovery,up_up,link1_ratio0.50_left_1N,1,0.5,left,1,1,0.44,0.0011104941699056,PASS,4.39383774804459e-06,5.85001039735124e-05,0.48605738250021,15.0,local_lqr,,0,metrics_only
5,target_recovery,up_up,link1_ratio0.75_right_1N,1,0.75,right,1,1,3.34,0.002776235424764,PASS,8.49160802795126e-06,1.19835848078632e-05,1.54121858731949,15.0,traj_cart_safe,,0,metrics_only
6,target_recovery,up_up,link1_ratio0.75_left_1N,1,0.75,left,1,1,3.31,0.002776235424764,PASS,8.04894165226117e-06,1.02790630075294e-05,1.5658260282451,15.0,traj_cart_safe,,0,metrics_only
7,target_recovery,up_up,link1_ratio1.00_right_1N,1,1.0,right,1,0,,0.147327249022164,FINAL_STATE_OUTSIDE_RECOVERY_GATE|CART_RAIL_LIMIT_EXCEEDED|NO_SETTLED_RECOVERY_WINDOW,1.71516664317896,6.3118400460478,1.95702086050349,15.0,lib_target_upup_l1_r100_right_ratekill,,0,metrics_only
8,target_recovery,up_up,link1_ratio1.00_left_1N,1,1.0,left,1,0,,0.086484137331595,FINAL_STATE_OUTSIDE_RECOVERY_GATE|NO_SETTLED_RECOVERY_WINDOW,3.18032081218138,6.84451790315831,1.85849994193799,15.0,terminal_upup_l2_high_contact,,0,metrics_only
9,target_recovery,up_up,link2_ratio0.25_right_1N,2,0.25,right,1,1,0.84,0.0,PASS,6.08721814900469e-06,1.68162561873952e-05,0.756909344069697,9.30178787818427,traj_cart_safe,,0,metrics_only
10,target_recovery,up_up,link2_ratio0.25_left_1N,2,0.25,left,1,1,0.82,0.0,PASS,6.08810968612242e-06,1.66802205956242e-05,0.762133093902176,9.33728998936329,traj_cart_safe,,0,metrics_only
11,target_recovery,up_up,link2_ratio0.50_right_1N,2,0.5,right,1,1,1.44,0.0,PASS,5.05600827216799e-07,1.12875789769257e-05,0.605218105760617,8.73469217683458,traj_cart_safe,,0,metrics_only
12,target_recovery,up_up,link2_ratio0.50_left_1N,2,0.5,left,1,1,1.44,0.0,PASS,4.90937991424317e-07,1.10854387356544e-05,0.585726553356433,8.70202889690963,traj_cart_safe,,0,metrics_only
13,target_recovery,up_up,link2_ratio0.75_right_1N,2,0.75,right,1,0,,0.134724033029118,FINAL_STATE_OUTSIDE_RECOVERY_GATE|CART_RAIL_LIMIT_EXCEEDED|NO_SETTLED_RECOVERY_WINDOW,2.75108490855493,11.8846757460036,2.26057086709527,15.0,hard_catch_upup_l2_high_contact,,0,metrics_only
14,target_recovery,up_up,link2_ratio0.75_left_1N,2,0.75,left,1,0,,0.158626684050413,FINAL_STATE_OUTSIDE_RECOVERY_GATE|CART_RAIL_LIMIT_EXCEEDED|NO_SETTLED_RECOVERY_WINDOW,1.93077816991529,9.09806762463513,2.25186281589265,15.0,ss_hs04_g11,,0,metrics_only
15,target_recovery,up_up,link2_ratio1.00_right_1N,2,1.0,right,1,0,,0.120382442416341,FINAL_STATE_OUTSIDE_RECOVERY_GATE|CART_RAIL_LIMIT_EXCEEDED|NO_SETTLED_RECOVERY_WINDOW,1.44731614792634,8.28518081488978,2.05607104586758,15.0,ss_hs05_g17,,0,metrics_only
16,target_recovery,up_up,link2_ratio1.00_left_1N,2,1.0,left,1,0,,0.152542372881356,FINAL_STATE_OUTSIDE_RECOVERY_GATE|CART_RAIL_LIMIT_EXCEEDED|NO_SETTLED_RECOVERY_WINDOW,1.33667618790168,4.03277707720765,2.10550879890608,15.0,ss_hs06_anglecatch,,0,metrics_only
17,target_recovery,up_down,link1_ratio0.25_right_1N,1,0.25,right,1,1,1.11022302462516e-16,0.0,PASS,1.1520885857049e-06,1.23830511852821e-05,0.111493362521137,0.954683951548674,local_lqr,,0,metrics_only
18,target_recovery,up_down,link1_ratio0.25_left_1N,1,0.25,left,1,1,1.11022302462516e-16,0.0,PASS,1.18364478415178e-06,1.26845735820174e-05,0.114656389228243,0.970435045387426,local_lqr,,0,metrics_only
19,target_recovery,up_down,link1_ratio0.50_right_1N,1,0.5,right,1,1,0.28,0.0,PASS,2.52897167076175e-06,2.72887353812843e-05,0.243952550085843,3.00886894633046,local_lqr,,0,metrics_only
20,target_recovery,up_down,link1_ratio0.50_left_1N,1,0.5,left,1,1,0.28,0.0,PASS,2.55831277863246e-06,2.75619112081233e-05,0.24692365381328,3.02108118780147,local_lqr,,0,metrics_only
21,target_recovery,up_down,link1_ratio0.75_right_1N,1,0.75,right,1,1,0.75,0.0,PASS,3.47749089697401e-06,3.73581361067048e-05,0.336563790110997,7.87933543945433,local_lqr,,0,metrics_only
22,target_recovery,up_down,link1_ratio0.75_left_1N,1,0.75,left,1,1,0.75,0.0,PASS,3.51755220436964e-06,3.7767727424288e-05,0.340457954115332,7.88313637475287,local_lqr,,0,metrics_only
23,target_recovery,up_down,link1_ratio1.00_right_1N,1,1.0,right,1,1,0.85,0.0,PASS,4.63898888729763e-06,4.98589908843864e-05,0.44864719175788,10.0834400651683,local_lqr,,0,metrics_only
24,target_recovery,up_down,link1_ratio1.00_left_1N,1,1.0,left,1,1,0.85,0.0,PASS,4.67255987882481e-06,5.01922961069197e-05,0.451958920436386,10.1051121938943,local_lqr,,0,metrics_only
25,target_recovery,up_down,link2_ratio0.25_right_1N,2,0.25,right,1,1,1.11022302462516e-16,0.0,PASS,3.4166560742363e-06,3.5852896433352e-05,0.33232533551468,5.1416843598664,local_lqr,,0,metrics_only
26,target_recovery,up_down,link2_ratio0.25_left_1N,2,0.25,left,1,1,1.11022302462516e-16,0.0,PASS,3.44827588064897e-06,3.61548842963319e-05,0.335502503937364,5.15351702205349,local_lqr,,0,metrics_only
27,target_recovery,up_down,link2_ratio0.50_right_1N,2,0.5,right,1,1,0.27,0.0,PASS,1.59146724537659e-06,1.51104832937087e-05,0.170755609960257,3.14953968122065,local_lqr,,0,metrics_only
28,target_recovery,up_down,link2_ratio0.50_left_1N,2,0.5,left,1,1,0.28,0.0,PASS,1.61669779483688e-06,1.53350408374977e-05,0.173566021165508,3.16176788491877,local_lqr,,0,metrics_only
29,target_recovery,up_down,link2_ratio0.75_right_1N,2,0.75,right,1,1,0.53,0.0,PASS,5.77004978352272e-08,3.36798509029924e-06,0.11862708797999,3.66898933857026,local_lqr,,0,metrics_only
30,target_recovery,up_down,link2_ratio0.75_left_1N,2,0.75,left,1,1,0.53,0.0,PASS,1.781487561953e-08,2.96512641577698e-06,0.121135718939739,3.66569033637844,local_lqr,,0,metrics_only
31,target_recovery,up_down,link2_ratio1.00_right_1N,2,1.0,right,1,1,0.89,0.0,PASS,1.62278322607692e-06,2.06471440555097e-05,0.152557718815033,6.68440464668138,local_lqr,,0,metrics_only
32,target_recovery,up_down,link2_ratio1.00_left_1N,2,1.0,left,1,1,0.89,0.0,PASS,1.58338641988404e-06,2.02419623748082e-05,0.14876047661897,6.68697760525971,local_lqr,,0,metrics_only
33,target_recovery,down_up,link1_ratio0.25_right_1N,1,0.25,right,1,1,0.35,0.0,PASS,3.61038392974401e-06,3.81802676604148e-05,0.284830764269328,9.13300197781972,local_lqr,,0,metrics_only
34,target_recovery,down_up,link1_ratio0.25_left_1N,1,0.25,left,1,1,0.34,0.0,PASS,3.9885979651382e-06,4.10714653205449e-05,0.320147068676693,9.12375845350882,local_lqr,,0,metrics_only
35,target_recovery,down_up,link1_ratio0.50_right_1N,1,0.5,right,1,1,0.53,0.0,PASS,7.12262247326963e-06,7.47698139761711e-05,0.564482871866191,13.4073044230411,local_lqr,,0,metrics_only
36,target_recovery,down_up,link1_ratio0.50_left_1N,1,0.5,left,1,1,0.54,0.0005552470849528,PASS,7.52913774133151e-06,7.80201003740504e-05,0.60177904041129,15.0,local_lqr,,0,metrics_only
37,target_recovery,down_up,link1_ratio0.75_right_1N,1,0.75,right,1,1,1.47,0.0033314825097168,PASS,1.08077456230569e-05,0.0001143160159434,0.85358625275017,15.0,local_lqr,,0,metrics_only
38,target_recovery,down_up,link1_ratio0.75_left_1N,1,0.75,left,1,1,1.49,0.0033314825097168,PASS,1.1263168753927e-05,0.0001183372226734,0.893519722860499,15.0,local_lqr,,0,metrics_only
39,target_recovery,down_up,link1_ratio1.00_right_1N,1,1.0,right,1,1,1.86,0.0044419766796224,PASS,1.5903868189567e-05,0.0001733739260631,1.23927237871976,15.0,local_lqr,,0,metrics_only
40,target_recovery,down_up,link1_ratio1.00_left_1N,1,1.0,left,1,1,1.87,0.0044419766796224,PASS,1.63247915371547e-05,0.0001769702457372,1.27643503334246,15.0,local_lqr,,0,metrics_only
41,target_recovery,down_up,link2_ratio0.25_right_1N,2,0.25,right,1,1,0.33,0.0,PASS,9.86577536591569e-07,1.27826356616663e-05,0.0727748070918197,2.63709067901676,local_lqr,,0,metrics_only
42,target_recovery,down_up,link2_ratio0.25_left_1N,2,0.25,left,1,1,0.32,0.0,PASS,1.40156661000109e-06,1.60706323316008e-05,0.106215671119514,2.76791610501394,local_lqr,,0,metrics_only
43,target_recovery,down_up,link2_ratio0.50_right_1N,2,0.5,right,1,1,1.62,0.0033314825097168,PASS,1.36123539683811e-05,0.0001404352519288,1.09495870822238,15.0,local_lqr,,0,metrics_only
44,target_recovery,down_up,link2_ratio0.50_left_1N,2,0.5,left,1,1,1.61,0.0033314825097168,PASS,1.32268493441101e-05,0.0001373424210409,1.05894613234866,15.0,local_lqr,,0,metrics_only
45,target_recovery,down_up,link2_ratio0.75_right_1N,2,0.75,right,1,1,4.3,0.0360910605219323,PASS,0.0002810615401493,0.0043757844153253,1.89555784982023,15.0,hard_catch_upup_l2_high_contact,,0,metrics_only
46,target_recovery,down_up,link2_ratio0.75_left_1N,2,0.75,left,1,1,6.13,0.0449750138811771,PASS,0.0001775011844781,0.0007978426024748,1.89248907283596,15.0,hard_catch_energy_angle,,0,metrics_only
47,target_recovery,down_up,link2_ratio1.00_right_1N,2,1.0,right,1,0,,0.203775680177679,FINAL_STATE_OUTSIDE_RECOVERY_GATE|CART_RAIL_LIMIT_EXCEEDED|NO_SETTLED_RECOVERY_WINDOW,0.31113797608837,2.46550431973977,3.62791437467057,15.0,upup_force_l2_ratio100_ratekill,,0,metrics_only
48,target_recovery,down_up,link2_ratio1.00_left_1N,2,1.0,left,1,0,,0.245419211549139,FINAL_STATE_OUTSIDE_RECOVERY_GATE|CART_RAIL_LIMIT_EXCEEDED|NO_SETTLED_RECOVERY_WINDOW,0.157216582155071,4.54561341965685,4.05581147710397,15.0,ss_hs08_g15,,0,metrics_only
1,after_full_switching,up_up,link1_ratio0.25_right_1N,1,0.25,right,1,1,1.11022302462516e-16,0.0,PASS,2.07080218784674e-06,2.81343189863456e-05,0.228946778485418,4.58765503170831,local_lqr,,0,metrics_only
2,after_full_switching,up_up,link1_ratio0.25_left_1N,1,0.25,left,1,1,1.11022302462516e-16,0.0,PASS,2.10179598681619e-06,2.73777083148304e-05,0.232875798397358,4.56333809982373,local_lqr,,0,metrics_only
3,after_full_switching,up_up,link1_ratio0.50_right_1N,1,0.5,right,1,1,0.44,0.0011104941699056,PASS,4.29581295258284e-06,5.81246386562555e-05,0.474971974270311,15.0,local_lqr,,0,metrics_only
4,after_full_switching,up_up,link1_ratio0.50_left_1N,1,0.5,left,1,1,0.45,0.0011104941699056,PASS,4.3369444740603e-06,5.75266550169131e-05,0.479856317435807,15.0,local_lqr,,0,metrics_only
5,after_full_switching,up_up,link1_ratio0.75_right_1N,1,0.75,right,1,1,3.32,0.002776235424764,PASS,8.09181602953798e-06,1.04516935588619e-05,1.56636636844567,15.0,traj_cart_safe,,0,metrics_only
6,after_full_switching,up_up,link1_ratio0.75_left_1N,1,0.75,left,1,1,3.34,0.002776235424764,PASS,8.44783617064978e-06,1.17555315150269e-05,1.54072707692315,15.0,traj_cart_safe,,0,metrics_only
7,after_full_switching,up_up,link1_ratio1.00_right_1N,1,1.0,right,1,0,13.38,0.0499782703172534,CART_RAIL_LIMIT_EXCEEDED,2.2583537158816e-05,0.0001467401226919,2.03150088735074,15.0,upup_phase_rail_guard,,0,metrics_only
8,after_full_switching,up_up,link1_ratio1.00_left_1N,1,1.0,left,1,0,,0.116471099521947,FINAL_STATE_OUTSIDE_RECOVERY_GATE|NO_SETTLED_RECOVERY_WINDOW,1.91554192362554,2.89782387493082,1.94228054073242,15.0,hard_catch_upup_l2_high_contact,,0,metrics_only
9,after_full_switching,up_up,link2_ratio0.25_right_1N,2,0.25,right,1,1,0.83,0.0,PASS,6.13634647136344e-06,1.6821328553068e-05,0.765495041267198,9.33212904729373,traj_cart_safe,,0,metrics_only
10,after_full_switching,up_up,link2_ratio0.25_left_1N,2,0.25,left,1,1,0.83,0.0,PASS,6.03895013075068e-06,1.66750803378015e-05,0.753517453039978,9.30694325593224,traj_cart_safe,,0,metrics_only
11,after_full_switching,up_up,link2_ratio0.50_right_1N,2,0.5,right,1,1,1.43,0.0,PASS,5.461977843716e-07,1.12342590591434e-05,0.600489552306284,8.71446813335032,traj_cart_safe,,0,metrics_only
12,after_full_switching,up_up,link2_ratio0.50_left_1N,2,0.5,left,1,1,1.45,0.0,PASS,4.50565736518819e-07,1.11394675993709e-05,0.590683467706313,8.72280517377065,traj_cart_safe,,0,metrics_only
13,after_full_switching,up_up,link2_ratio0.75_right_1N,2,0.75,right,1,0,,0.104302477183833,FINAL_STATE_OUTSIDE_RECOVERY_GATE|CART_RAIL_LIMIT_EXCEEDED|NO_SETTLED_RECOVERY_WINDOW,0.517099865909149,4.45806597616328,2.51837394837006,15.0,terminal_upup_l2_high_contact,,0,metrics_only
14,after_full_switching,up_up,link2_ratio0.75_left_1N,2,0.75,left,1,0,,0.131681877444589,FINAL_STATE_OUTSIDE_RECOVERY_GATE|CART_RAIL_LIMIT_EXCEEDED|NO_SETTLED_RECOVERY_WINDOW,4.10213646371274,8.31360251474279,2.37542791488742,15.0,terminal_upup_l1_ratio1,,0,metrics_only
15,after_full_switching,up_up,link2_ratio1.00_right_1N,2,1.0,right,1,0,,0.168622338113864,FINAL_STATE_OUTSIDE_RECOVERY_GATE|CART_RAIL_LIMIT_EXCEEDED|NO_SETTLED_RECOVERY_WINDOW,3.45946991344092,3.77626045793263,2.37213809370796,15.0,ss_hs13_g16,,0,metrics_only
16,after_full_switching,up_up,link2_ratio1.00_left_1N,2,1.0,left,1,0,20.75,0.149065623641895,CART_RAIL_LIMIT_EXCEEDED,0.0448153973701655,0.235769959867046,2.51691389750201,15.0,ss_hs14_anglecatch,,0,metrics_only
